{
  "ABIRoot": {
    "kind": "Root",
    "name": "biqSdk",
    "printedName": "biqSdk",
    "children": [
      {
        "kind": "Import",
        "name": "Foundation",
        "printedName": "Foundation",
        "declKind": "Import",
        "moduleName": "biqSdk",
        "declAttributes": [
          "RawDocComment"
        ]
      },
      {
        "kind": "Import",
        "name": "CoreLocation",
        "printedName": "CoreLocation",
        "declKind": "Import",
        "moduleName": "biqSdk"
      },
      {
        "kind": "Import",
        "name": "CoreBluetooth",
        "printedName": "CoreBluetooth",
        "declKind": "Import",
        "moduleName": "biqSdk"
      },
      {
        "kind": "Import",
        "name": "UserNotifications",
        "printedName": "UserNotifications",
        "declKind": "Import",
        "moduleName": "biqSdk"
      },
      {
        "kind": "Import",
        "name": "Foundation",
        "printedName": "Foundation",
        "declKind": "Import",
        "moduleName": "biqSdk",
        "declAttributes": [
          "RawDocComment"
        ]
      },
      {
        "kind": "TypeDecl",
        "name": "BiqController",
        "printedName": "BiqController",
        "children": [
          {
            "kind": "Var",
            "name": "shared",
            "printedName": "shared",
            "children": [
              {
                "kind": "TypeNominal",
                "name": "BiqController",
                "printedName": "biqSdk.BiqController",
                "usr": "s:6biqSdk13BiqControllerC"
              }
            ],
            "declKind": "Var",
            "usr": "s:6biqSdk13BiqControllerC6sharedACvpZ",
            "mangledName": "$s6biqSdk13BiqControllerC6sharedACvpZ",
            "moduleName": "biqSdk",
            "static": true,
            "declAttributes": [
              "Final",
              "AccessControl"
            ],
            "accessors": [
              {
                "kind": "Accessor",
                "name": "Get",
                "printedName": "Get()",
                "children": [
                  {
                    "kind": "TypeNominal",
                    "name": "BiqController",
                    "printedName": "biqSdk.BiqController",
                    "usr": "s:6biqSdk13BiqControllerC"
                  }
                ],
                "declKind": "Accessor",
                "usr": "s:6biqSdk13BiqControllerC6sharedACvgZ",
                "mangledName": "$s6biqSdk13BiqControllerC6sharedACvgZ",
                "moduleName": "biqSdk",
                "static": true,
                "declAttributes": [
                  "Final"
                ],
                "accessorKind": "get"
              }
            ]
          },
          {
            "kind": "TypeDecl",
            "name": "Builder",
            "printedName": "Builder",
            "children": [
              {
                "kind": "Constructor",
                "name": "init",
                "printedName": "init()",
                "children": [
                  {
                    "kind": "TypeNominal",
                    "name": "Builder",
                    "printedName": "biqSdk.BiqController.Builder",
                    "usr": "s:6biqSdk13BiqControllerC7BuilderC"
                  }
                ],
                "declKind": "Constructor",
                "usr": "s:6biqSdk13BiqControllerC7BuilderCAEycfc",
                "mangledName": "$s6biqSdk13BiqControllerC7BuilderCAEycfc",
                "moduleName": "biqSdk",
                "declAttributes": [
                  "AccessControl"
                ],
                "init_kind": "Designated"
              },
              {
                "kind": "Function",
                "name": "build",
                "printedName": "build()",
                "children": [
                  {
                    "kind": "TypeNominal",
                    "name": "BiqController",
                    "printedName": "biqSdk.BiqController",
                    "usr": "s:6biqSdk13BiqControllerC"
                  }
                ],
                "declKind": "Func",
                "usr": "s:6biqSdk13BiqControllerC7BuilderC5buildACyF",
                "mangledName": "$s6biqSdk13BiqControllerC7BuilderC5buildACyF",
                "moduleName": "biqSdk",
                "declAttributes": [
                  "AccessControl"
                ],
                "funcSelfKind": "NonMutating"
              }
            ],
            "declKind": "Class",
            "usr": "s:6biqSdk13BiqControllerC7BuilderC",
            "mangledName": "$s6biqSdk13BiqControllerC7BuilderC",
            "moduleName": "biqSdk",
            "declAttributes": [
              "AccessControl"
            ],
            "conformances": [
              {
                "kind": "Conformance",
                "name": "Copyable",
                "printedName": "Copyable",
                "usr": "s:s8CopyableP",
                "mangledName": "$ss8CopyableP"
              },
              {
                "kind": "Conformance",
                "name": "Escapable",
                "printedName": "Escapable",
                "usr": "s:s9EscapableP",
                "mangledName": "$ss9EscapableP"
              }
            ]
          },
          {
            "kind": "Function",
            "name": "startPresence",
            "printedName": "startPresence()",
            "children": [
              {
                "kind": "TypeNominal",
                "name": "BiqConnectionState",
                "printedName": "biqSdk.BiqConnectionState",
                "usr": "s:6biqSdk18BiqConnectionStateO"
              }
            ],
            "declKind": "Func",
            "usr": "s:6biqSdk13BiqControllerC13startPresenceAA0C15ConnectionStateOyYaF",
            "mangledName": "$s6biqSdk13BiqControllerC13startPresenceAA0C15ConnectionStateOyYaF",
            "moduleName": "biqSdk",
            "declAttributes": [
              "AccessControl"
            ],
            "isFromExtension": true,
            "funcSelfKind": "NonMutating"
          },
          {
            "kind": "Function",
            "name": "stopPresence",
            "printedName": "stopPresence()",
            "children": [
              {
                "kind": "TypeNominal",
                "name": "Void",
                "printedName": "()"
              }
            ],
            "declKind": "Func",
            "usr": "s:6biqSdk13BiqControllerC12stopPresenceyyYaF",
            "mangledName": "$s6biqSdk13BiqControllerC12stopPresenceyyYaF",
            "moduleName": "biqSdk",
            "declAttributes": [
              "AccessControl"
            ],
            "isFromExtension": true,
            "funcSelfKind": "NonMutating"
          },
          {
            "kind": "Function",
            "name": "getValidationRecords",
            "printedName": "getValidationRecords()",
            "children": [
              {
                "kind": "TypeNominal",
                "name": "Array",
                "printedName": "[biqSdk.PresenceProofResponseDto]",
                "children": [
                  {
                    "kind": "TypeNominal",
                    "name": "PresenceProofResponseDto",
                    "printedName": "biqSdk.PresenceProofResponseDto",
                    "usr": "s:6biqSdk24PresenceProofResponseDtoV"
                  }
                ],
                "usr": "s:Sa"
              }
            ],
            "declKind": "Func",
            "usr": "s:6biqSdk13BiqControllerC20getValidationRecordsSayAA24PresenceProofResponseDtoVGyYaF",
            "mangledName": "$s6biqSdk13BiqControllerC20getValidationRecordsSayAA24PresenceProofResponseDtoVGyYaF",
            "moduleName": "biqSdk",
            "declAttributes": [
              "AccessControl"
            ],
            "isFromExtension": true,
            "funcSelfKind": "NonMutating"
          },
          {
            "kind": "Function",
            "name": "setDebugMode",
            "printedName": "setDebugMode(_:)",
            "children": [
              {
                "kind": "TypeNominal",
                "name": "DynamicSelf",
                "printedName": "Self"
              },
              {
                "kind": "TypeNominal",
                "name": "Bool",
                "printedName": "Swift.Bool",
                "usr": "s:Sb"
              }
            ],
            "declKind": "Func",
            "usr": "s:6biqSdk13BiqControllerC12setDebugModeyACXDSbF",
            "mangledName": "$s6biqSdk13BiqControllerC12setDebugModeyACXDSbF",
            "moduleName": "biqSdk",
            "declAttributes": [
              "AccessControl",
              "DiscardableResult"
            ],
            "isFromExtension": true,
            "funcSelfKind": "NonMutating"
          },
          {
            "kind": "Function",
            "name": "exportLogs",
            "printedName": "exportLogs()",
            "children": [
              {
                "kind": "TypeNominal",
                "name": "URL",
                "printedName": "Foundation.URL",
                "usr": "s:10Foundation3URLV"
              }
            ],
            "declKind": "Func",
            "usr": "s:6biqSdk13BiqControllerC10exportLogs10Foundation3URLVyYaKF",
            "mangledName": "$s6biqSdk13BiqControllerC10exportLogs10Foundation3URLVyYaKF",
            "moduleName": "biqSdk",
            "declAttributes": [
              "AccessControl"
            ],
            "isFromExtension": true,
            "throwing": true,
            "funcSelfKind": "NonMutating"
          },
          {
            "kind": "Function",
            "name": "initSession",
            "printedName": "initSession(apiKey:refreshToken:)",
            "children": [
              {
                "kind": "TypeNominal",
                "name": "Bool",
                "printedName": "Swift.Bool",
                "usr": "s:Sb"
              },
              {
                "kind": "TypeNominal",
                "name": "String",
                "printedName": "Swift.String",
                "usr": "s:SS"
              },
              {
                "kind": "TypeNominal",
                "name": "String",
                "printedName": "Swift.String",
                "usr": "s:SS"
              }
            ],
            "declKind": "Func",
            "usr": "s:6biqSdk13BiqControllerC11initSession6apiKey12refreshTokenSbSS_SStF",
            "mangledName": "$s6biqSdk13BiqControllerC11initSession6apiKey12refreshTokenSbSS_SStF",
            "moduleName": "biqSdk",
            "declAttributes": [
              "AccessControl"
            ],
            "isFromExtension": true,
            "funcSelfKind": "NonMutating"
          },
          {
            "kind": "Function",
            "name": "logout",
            "printedName": "logout()",
            "children": [
              {
                "kind": "TypeNominal",
                "name": "Void",
                "printedName": "()"
              }
            ],
            "declKind": "Func",
            "usr": "s:6biqSdk13BiqControllerC6logoutyyYaF",
            "mangledName": "$s6biqSdk13BiqControllerC6logoutyyYaF",
            "moduleName": "biqSdk",
            "declAttributes": [
              "AccessControl"
            ],
            "isFromExtension": true,
            "funcSelfKind": "NonMutating"
          },
          {
            "kind": "Function",
            "name": "areAllPermissionsGranted",
            "printedName": "areAllPermissionsGranted()",
            "children": [
              {
                "kind": "TypeNominal",
                "name": "Bool",
                "printedName": "Swift.Bool",
                "usr": "s:Sb"
              }
            ],
            "declKind": "Func",
            "usr": "s:6biqSdk13BiqControllerC24areAllPermissionsGrantedSbyYaF",
            "mangledName": "$s6biqSdk13BiqControllerC24areAllPermissionsGrantedSbyYaF",
            "moduleName": "biqSdk",
            "declAttributes": [
              "AccessControl"
            ],
            "isFromExtension": true,
            "funcSelfKind": "NonMutating"
          },
          {
            "kind": "Function",
            "name": "getMissingPermission",
            "printedName": "getMissingPermission()",
            "children": [
              {
                "kind": "TypeNominal",
                "name": "Optional",
                "printedName": "Swift.String?",
                "children": [
                  {
                    "kind": "TypeNominal",
                    "name": "String",
                    "printedName": "Swift.String",
                    "usr": "s:SS"
                  }
                ],
                "usr": "s:Sq"
              }
            ],
            "declKind": "Func",
            "usr": "s:6biqSdk13BiqControllerC20getMissingPermissionSSSgyYaF",
            "mangledName": "$s6biqSdk13BiqControllerC20getMissingPermissionSSSgyYaF",
            "moduleName": "biqSdk",
            "declAttributes": [
              "AccessControl"
            ],
            "isFromExtension": true,
            "funcSelfKind": "NonMutating"
          },
          {
            "kind": "Function",
            "name": "setBootAutoScan",
            "printedName": "setBootAutoScan(isStartAfterBoot:)",
            "children": [
              {
                "kind": "TypeNominal",
                "name": "DynamicSelf",
                "printedName": "Self"
              },
              {
                "kind": "TypeNominal",
                "name": "Bool",
                "printedName": "Swift.Bool",
                "usr": "s:Sb"
              }
            ],
            "declKind": "Func",
            "usr": "s:6biqSdk13BiqControllerC15setBootAutoScan012isStartAfterF0ACXDSb_tF",
            "mangledName": "$s6biqSdk13BiqControllerC15setBootAutoScan012isStartAfterF0ACXDSb_tF",
            "moduleName": "biqSdk",
            "declAttributes": [
              "AccessControl"
            ],
            "isFromExtension": true,
            "funcSelfKind": "NonMutating"
          },
          {
            "kind": "Function",
            "name": "bootstrapOnLaunch",
            "printedName": "bootstrapOnLaunch()",
            "children": [
              {
                "kind": "TypeNominal",
                "name": "BiqConnectionState",
                "printedName": "biqSdk.BiqConnectionState",
                "usr": "s:6biqSdk18BiqConnectionStateO"
              }
            ],
            "declKind": "Func",
            "usr": "s:6biqSdk13BiqControllerC17bootstrapOnLaunchAA0C15ConnectionStateOyYaF",
            "mangledName": "$s6biqSdk13BiqControllerC17bootstrapOnLaunchAA0C15ConnectionStateOyYaF",
            "moduleName": "biqSdk",
            "declAttributes": [
              "AccessControl",
              "RawDocComment"
            ],
            "isFromExtension": true,
            "funcSelfKind": "NonMutating"
          },
          {
            "kind": "Function",
            "name": "initNotificationData",
            "printedName": "initNotificationData(scanningNotificationTitle:scanningNotificationMessage:proximityNotificationTitle:proximityNotificationMessage:)",
            "children": [
              {
                "kind": "TypeNominal",
                "name": "DynamicSelf",
                "printedName": "Self"
              },
              {
                "kind": "TypeNominal",
                "name": "Optional",
                "printedName": "Swift.String?",
                "children": [
                  {
                    "kind": "TypeNominal",
                    "name": "String",
                    "printedName": "Swift.String",
                    "usr": "s:SS"
                  }
                ],
                "hasDefaultArg": true,
                "usr": "s:Sq"
              },
              {
                "kind": "TypeNominal",
                "name": "Optional",
                "printedName": "Swift.String?",
                "children": [
                  {
                    "kind": "TypeNominal",
                    "name": "String",
                    "printedName": "Swift.String",
                    "usr": "s:SS"
                  }
                ],
                "hasDefaultArg": true,
                "usr": "s:Sq"
              },
              {
                "kind": "TypeNominal",
                "name": "Optional",
                "printedName": "Swift.String?",
                "children": [
                  {
                    "kind": "TypeNominal",
                    "name": "String",
                    "printedName": "Swift.String",
                    "usr": "s:SS"
                  }
                ],
                "hasDefaultArg": true,
                "usr": "s:Sq"
              },
              {
                "kind": "TypeNominal",
                "name": "Optional",
                "printedName": "Swift.String?",
                "children": [
                  {
                    "kind": "TypeNominal",
                    "name": "String",
                    "printedName": "Swift.String",
                    "usr": "s:SS"
                  }
                ],
                "hasDefaultArg": true,
                "usr": "s:Sq"
              }
            ],
            "declKind": "Func",
            "usr": "s:6biqSdk13BiqControllerC20initNotificationData08scanningF5Title0hF7Message09proximityfI00kfJ0ACXDSSSg_A3ItF",
            "mangledName": "$s6biqSdk13BiqControllerC20initNotificationData08scanningF5Title0hF7Message09proximityfI00kfJ0ACXDSSSg_A3ItF",
            "moduleName": "biqSdk",
            "declAttributes": [
              "AccessControl"
            ],
            "isFromExtension": true,
            "funcSelfKind": "NonMutating"
          },
          {
            "kind": "TypeDecl",
            "name": "BiqStateListener",
            "printedName": "BiqStateListener",
            "children": [
              {
                "kind": "Function",
                "name": "onSdkStateChanged",
                "printedName": "onSdkStateChanged(_:)",
                "children": [
                  {
                    "kind": "TypeNominal",
                    "name": "Void",
                    "printedName": "()"
                  },
                  {
                    "kind": "TypeNominal",
                    "name": "BiqPresenceState",
                    "printedName": "biqSdk.BiqPresenceState",
                    "usr": "s:6biqSdk16BiqPresenceStateO"
                  }
                ],
                "declKind": "Func",
                "usr": "s:6biqSdk13BiqControllerC0C13StateListenerP02onbE7ChangedyyAA0c8PresenceE0OF",
                "mangledName": "$s6biqSdk13BiqControllerC0C13StateListenerP02onbE7ChangedyyAA0c8PresenceE0OF",
                "moduleName": "biqSdk",
                "genericSig": "<τ_0_0 where τ_0_0 : biqSdk.BiqController.BiqStateListener>",
                "sugared_genericSig": "<Self where Self : biqSdk.BiqController.BiqStateListener>",
                "protocolReq": true,
                "reqNewWitnessTableEntry": true,
                "funcSelfKind": "NonMutating"
              },
              {
                "kind": "Function",
                "name": "onScanningStateChanged",
                "printedName": "onScanningStateChanged(_:)",
                "children": [
                  {
                    "kind": "TypeNominal",
                    "name": "Void",
                    "printedName": "()"
                  },
                  {
                    "kind": "TypeNominal",
                    "name": "BiqScanningState",
                    "printedName": "biqSdk.BiqScanningState",
                    "usr": "s:6biqSdk16BiqScanningStateO"
                  }
                ],
                "declKind": "Func",
                "usr": "s:6biqSdk13BiqControllerC0C13StateListenerP010onScanningE7ChangedyyAA0chE0OF",
                "mangledName": "$s6biqSdk13BiqControllerC0C13StateListenerP010onScanningE7ChangedyyAA0chE0OF",
                "moduleName": "biqSdk",
                "genericSig": "<τ_0_0 where τ_0_0 : biqSdk.BiqController.BiqStateListener>",
                "sugared_genericSig": "<Self where Self : biqSdk.BiqController.BiqStateListener>",
                "protocolReq": true,
                "reqNewWitnessTableEntry": true,
                "funcSelfKind": "NonMutating"
              },
              {
                "kind": "Function",
                "name": "onValidationRecordsChanged",
                "printedName": "onValidationRecordsChanged(_:)",
                "children": [
                  {
                    "kind": "TypeNominal",
                    "name": "Void",
                    "printedName": "()"
                  },
                  {
                    "kind": "TypeNominal",
                    "name": "Array",
                    "printedName": "[biqSdk.PresenceProofResponseDto]",
                    "children": [
                      {
                        "kind": "TypeNominal",
                        "name": "PresenceProofResponseDto",
                        "printedName": "biqSdk.PresenceProofResponseDto",
                        "usr": "s:6biqSdk24PresenceProofResponseDtoV"
                      }
                    ],
                    "usr": "s:Sa"
                  }
                ],
                "declKind": "Func",
                "usr": "s:6biqSdk13BiqControllerC0C13StateListenerP26onValidationRecordsChangedyySayAA24PresenceProofResponseDtoVGF",
                "mangledName": "$s6biqSdk13BiqControllerC0C13StateListenerP26onValidationRecordsChangedyySayAA24PresenceProofResponseDtoVGF",
                "moduleName": "biqSdk",
                "genericSig": "<τ_0_0 where τ_0_0 : biqSdk.BiqController.BiqStateListener>",
                "sugared_genericSig": "<Self where Self : biqSdk.BiqController.BiqStateListener>",
                "protocolReq": true,
                "reqNewWitnessTableEntry": true,
                "funcSelfKind": "NonMutating"
              }
            ],
            "declKind": "Protocol",
            "usr": "s:6biqSdk13BiqControllerC0C13StateListenerP",
            "mangledName": "$s6biqSdk13BiqControllerC0C13StateListenerP",
            "moduleName": "biqSdk",
            "genericSig": "<τ_0_0 : AnyObject>",
            "sugared_genericSig": "<Self : AnyObject>",
            "declAttributes": [
              "AccessControl"
            ],
            "isFromExtension": true,
            "conformances": [
              {
                "kind": "Conformance",
                "name": "Escapable",
                "printedName": "Escapable",
                "usr": "s:s9EscapableP",
                "mangledName": "$ss9EscapableP"
              },
              {
                "kind": "Conformance",
                "name": "Copyable",
                "printedName": "Copyable",
                "usr": "s:s8CopyableP",
                "mangledName": "$ss8CopyableP"
              }
            ]
          }
        ],
        "declKind": "Class",
        "usr": "s:6biqSdk13BiqControllerC",
        "mangledName": "$s6biqSdk13BiqControllerC",
        "moduleName": "biqSdk",
        "declAttributes": [
          "AccessControl"
        ],
        "hasMissingDesignatedInitializers": true,
        "conformances": [
          {
            "kind": "Conformance",
            "name": "Copyable",
            "printedName": "Copyable",
            "usr": "s:s8CopyableP",
            "mangledName": "$ss8CopyableP"
          },
          {
            "kind": "Conformance",
            "name": "Escapable",
            "printedName": "Escapable",
            "usr": "s:s9EscapableP",
            "mangledName": "$ss9EscapableP"
          }
        ]
      },
      {
        "kind": "Import",
        "name": "Foundation",
        "printedName": "Foundation",
        "declKind": "Import",
        "moduleName": "biqSdk",
        "declAttributes": [
          "RawDocComment"
        ]
      },
      {
        "kind": "Import",
        "name": "ZIPFoundation",
        "printedName": "ZIPFoundation",
        "declKind": "Import",
        "moduleName": "biqSdk",
        "declAttributes": [
          "AccessControl"
        ]
      },
      {
        "kind": "Import",
        "name": "Foundation",
        "printedName": "Foundation",
        "declKind": "Import",
        "moduleName": "biqSdk",
        "declAttributes": [
          "RawDocComment"
        ]
      },
      {
        "kind": "Import",
        "name": "Foundation",
        "printedName": "Foundation",
        "declKind": "Import",
        "moduleName": "biqSdk",
        "declAttributes": [
          "RawDocComment"
        ]
      },
      {
        "kind": "Import",
        "name": "CoreLocation",
        "printedName": "CoreLocation",
        "declKind": "Import",
        "moduleName": "biqSdk"
      },
      {
        "kind": "Import",
        "name": "BackgroundTasks",
        "printedName": "BackgroundTasks",
        "declKind": "Import",
        "moduleName": "biqSdk"
      },
      {
        "kind": "Import",
        "name": "UserNotifications",
        "printedName": "UserNotifications",
        "declKind": "Import",
        "moduleName": "biqSdk"
      },
      {
        "kind": "Import",
        "name": "Foundation",
        "printedName": "Foundation",
        "declKind": "Import",
        "moduleName": "biqSdk",
        "declAttributes": [
          "RawDocComment"
        ]
      },
      {
        "kind": "TypeDecl",
        "name": "BiqConnectionState",
        "printedName": "BiqConnectionState",
        "children": [
          {
            "kind": "Var",
            "name": "success",
            "printedName": "success",
            "children": [
              {
                "kind": "TypeFunc",
                "name": "Function",
                "printedName": "(biqSdk.BiqConnectionState.Type) -> (biqSdk.BiqPresenceState?) -> biqSdk.BiqConnectionState",
                "children": [
                  {
                    "kind": "TypeFunc",
                    "name": "Function",
                    "printedName": "(biqSdk.BiqPresenceState?) -> biqSdk.BiqConnectionState",
                    "children": [
                      {
                        "kind": "TypeNominal",
                        "name": "BiqConnectionState",
                        "printedName": "biqSdk.BiqConnectionState",
                        "usr": "s:6biqSdk18BiqConnectionStateO"
                      },
                      {
                        "kind": "TypeNominal",
                        "name": "Tuple",
                        "printedName": "(state: biqSdk.BiqPresenceState?)",
                        "children": [
                          {
                            "kind": "TypeNominal",
                            "name": "Optional",
                            "printedName": "biqSdk.BiqPresenceState?",
                            "children": [
                              {
                                "kind": "TypeNominal",
                                "name": "BiqPresenceState",
                                "printedName": "biqSdk.BiqPresenceState",
                                "usr": "s:6biqSdk16BiqPresenceStateO"
                              }
                            ],
                            "usr": "s:Sq"
                          }
                        ]
                      }
                    ]
                  },
                  {
                    "kind": "TypeNominal",
                    "name": "Metatype",
                    "printedName": "biqSdk.BiqConnectionState.Type",
                    "children": [
                      {
                        "kind": "TypeNominal",
                        "name": "BiqConnectionState",
                        "printedName": "biqSdk.BiqConnectionState",
                        "usr": "s:6biqSdk18BiqConnectionStateO"
                      }
                    ]
                  }
                ]
              }
            ],
            "declKind": "EnumElement",
            "usr": "s:6biqSdk18BiqConnectionStateO7successyAcA0c8PresenceE0OSg_tcACmF",
            "mangledName": "$s6biqSdk18BiqConnectionStateO7successyAcA0c8PresenceE0OSg_tcACmF",
            "moduleName": "biqSdk"
          },
          {
            "kind": "Var",
            "name": "error",
            "printedName": "error",
            "children": [
              {
                "kind": "TypeFunc",
                "name": "Function",
                "printedName": "(biqSdk.BiqConnectionState.Type) -> ((any Swift.Error)?, Swift.String?, biqSdk.BiqPresenceState?) -> biqSdk.BiqConnectionState",
                "children": [
                  {
                    "kind": "TypeFunc",
                    "name": "Function",
                    "printedName": "((any Swift.Error)?, Swift.String?, biqSdk.BiqPresenceState?) -> biqSdk.BiqConnectionState",
                    "children": [
                      {
                        "kind": "TypeNominal",
                        "name": "BiqConnectionState",
                        "printedName": "biqSdk.BiqConnectionState",
                        "usr": "s:6biqSdk18BiqConnectionStateO"
                      },
                      {
                        "kind": "TypeNominal",
                        "name": "Tuple",
                        "printedName": "(exception: (any Swift.Error)?, message: Swift.String?, state: biqSdk.BiqPresenceState?)",
                        "children": [
                          {
                            "kind": "TypeNominal",
                            "name": "Optional",
                            "printedName": "(any Swift.Error)?",
                            "children": [
                              {
                                "kind": "TypeNominal",
                                "name": "Error",
                                "printedName": "any Swift.Error",
                                "usr": "s:s5ErrorP"
                              }
                            ],
                            "usr": "s:Sq"
                          },
                          {
                            "kind": "TypeNominal",
                            "name": "Optional",
                            "printedName": "Swift.String?",
                            "children": [
                              {
                                "kind": "TypeNominal",
                                "name": "String",
                                "printedName": "Swift.String",
                                "usr": "s:SS"
                              }
                            ],
                            "usr": "s:Sq"
                          },
                          {
                            "kind": "TypeNominal",
                            "name": "Optional",
                            "printedName": "biqSdk.BiqPresenceState?",
                            "children": [
                              {
                                "kind": "TypeNominal",
                                "name": "BiqPresenceState",
                                "printedName": "biqSdk.BiqPresenceState",
                                "usr": "s:6biqSdk16BiqPresenceStateO"
                              }
                            ],
                            "usr": "s:Sq"
                          }
                        ]
                      }
                    ]
                  },
                  {
                    "kind": "TypeNominal",
                    "name": "Metatype",
                    "printedName": "biqSdk.BiqConnectionState.Type",
                    "children": [
                      {
                        "kind": "TypeNominal",
                        "name": "BiqConnectionState",
                        "printedName": "biqSdk.BiqConnectionState",
                        "usr": "s:6biqSdk18BiqConnectionStateO"
                      }
                    ]
                  }
                ]
              }
            ],
            "declKind": "EnumElement",
            "usr": "s:6biqSdk18BiqConnectionStateO5erroryACs5Error_pSg_SSSgAA0c8PresenceE0OSgtcACmF",
            "mangledName": "$s6biqSdk18BiqConnectionStateO5erroryACs5Error_pSg_SSSgAA0c8PresenceE0OSgtcACmF",
            "moduleName": "biqSdk"
          },
          {
            "kind": "Var",
            "name": "missingPermission",
            "printedName": "missingPermission",
            "children": [
              {
                "kind": "TypeFunc",
                "name": "Function",
                "printedName": "(biqSdk.BiqConnectionState.Type) -> (Swift.String) -> biqSdk.BiqConnectionState",
                "children": [
                  {
                    "kind": "TypeFunc",
                    "name": "Function",
                    "printedName": "(Swift.String) -> biqSdk.BiqConnectionState",
                    "children": [
                      {
                        "kind": "TypeNominal",
                        "name": "BiqConnectionState",
                        "printedName": "biqSdk.BiqConnectionState",
                        "usr": "s:6biqSdk18BiqConnectionStateO"
                      },
                      {
                        "kind": "TypeNominal",
                        "name": "Tuple",
                        "printedName": "(permission: Swift.String)",
                        "children": [
                          {
                            "kind": "TypeNominal",
                            "name": "String",
                            "printedName": "Swift.String",
                            "usr": "s:SS"
                          }
                        ]
                      }
                    ]
                  },
                  {
                    "kind": "TypeNominal",
                    "name": "Metatype",
                    "printedName": "biqSdk.BiqConnectionState.Type",
                    "children": [
                      {
                        "kind": "TypeNominal",
                        "name": "BiqConnectionState",
                        "printedName": "biqSdk.BiqConnectionState",
                        "usr": "s:6biqSdk18BiqConnectionStateO"
                      }
                    ]
                  }
                ]
              }
            ],
            "declKind": "EnumElement",
            "usr": "s:6biqSdk18BiqConnectionStateO17missingPermissionyACSS_tcACmF",
            "mangledName": "$s6biqSdk18BiqConnectionStateO17missingPermissionyACSS_tcACmF",
            "moduleName": "biqSdk"
          }
        ],
        "declKind": "Enum",
        "usr": "s:6biqSdk18BiqConnectionStateO",
        "mangledName": "$s6biqSdk18BiqConnectionStateO",
        "moduleName": "biqSdk",
        "declAttributes": [
          "AccessControl",
          "RawDocComment"
        ],
        "conformances": [
          {
            "kind": "Conformance",
            "name": "Copyable",
            "printedName": "Copyable",
            "usr": "s:s8CopyableP",
            "mangledName": "$ss8CopyableP"
          },
          {
            "kind": "Conformance",
            "name": "Escapable",
            "printedName": "Escapable",
            "usr": "s:s9EscapableP",
            "mangledName": "$ss9EscapableP"
          }
        ]
      },
      {
        "kind": "Import",
        "name": "SQLite",
        "printedName": "SQLite",
        "declKind": "Import",
        "moduleName": "biqSdk",
        "declAttributes": [
          "AccessControl",
          "RawDocComment"
        ]
      },
      {
        "kind": "Import",
        "name": "Foundation",
        "printedName": "Foundation",
        "declKind": "Import",
        "moduleName": "biqSdk",
        "declAttributes": [
          "RawDocComment"
        ]
      },
      {
        "kind": "Import",
        "name": "SQLite",
        "printedName": "SQLite",
        "declKind": "Import",
        "moduleName": "biqSdk",
        "declAttributes": [
          "AccessControl"
        ]
      },
      {
        "kind": "Import",
        "name": "Foundation",
        "printedName": "Foundation",
        "declKind": "Import",
        "moduleName": "biqSdk",
        "declAttributes": [
          "RawDocComment"
        ]
      },
      {
        "kind": "Import",
        "name": "Foundation",
        "printedName": "Foundation",
        "declKind": "Import",
        "moduleName": "biqSdk",
        "declAttributes": [
          "RawDocComment"
        ]
      },
      {
        "kind": "Import",
        "name": "SQLite",
        "printedName": "SQLite",
        "declKind": "Import",
        "moduleName": "biqSdk",
        "declAttributes": [
          "AccessControl"
        ]
      },
      {
        "kind": "Import",
        "name": "Foundation",
        "printedName": "Foundation",
        "declKind": "Import",
        "moduleName": "biqSdk",
        "declAttributes": [
          "RawDocComment"
        ]
      },
      {
        "kind": "Import",
        "name": "CoreBluetooth",
        "printedName": "CoreBluetooth",
        "declKind": "Import",
        "moduleName": "biqSdk"
      },
      {
        "kind": "Import",
        "name": "CoreLocation",
        "printedName": "CoreLocation",
        "declKind": "Import",
        "moduleName": "biqSdk"
      },
      {
        "kind": "Import",
        "name": "Alamofire",
        "printedName": "Alamofire",
        "declKind": "Import",
        "moduleName": "biqSdk",
        "declAttributes": [
          "AccessControl",
          "RawDocComment"
        ]
      },
      {
        "kind": "Import",
        "name": "Foundation",
        "printedName": "Foundation",
        "declKind": "Import",
        "moduleName": "biqSdk"
      },
      {
        "kind": "Import",
        "name": "Foundation",
        "printedName": "Foundation",
        "declKind": "Import",
        "moduleName": "biqSdk",
        "declAttributes": [
          "RawDocComment"
        ]
      },
      {
        "kind": "Import",
        "name": "Foundation",
        "printedName": "Foundation",
        "declKind": "Import",
        "moduleName": "biqSdk",
        "declAttributes": [
          "RawDocComment"
        ]
      },
      {
        "kind": "Import",
        "name": "Foundation",
        "printedName": "Foundation",
        "declKind": "Import",
        "moduleName": "biqSdk",
        "declAttributes": [
          "RawDocComment"
        ]
      },
      {
        "kind": "Import",
        "name": "Security",
        "printedName": "Security",
        "declKind": "Import",
        "moduleName": "biqSdk"
      },
      {
        "kind": "Import",
        "name": "Network",
        "printedName": "Network",
        "declKind": "Import",
        "moduleName": "biqSdk",
        "declAttributes": [
          "RawDocComment"
        ]
      },
      {
        "kind": "Import",
        "name": "Network",
        "printedName": "Network",
        "declKind": "Import",
        "moduleName": "biqSdk"
      },
      {
        "kind": "Import",
        "name": "Foundation",
        "printedName": "Foundation",
        "declKind": "Import",
        "moduleName": "biqSdk"
      },
      {
        "kind": "Import",
        "name": "SQLite",
        "printedName": "SQLite",
        "declKind": "Import",
        "moduleName": "biqSdk",
        "declAttributes": [
          "AccessControl",
          "RawDocComment"
        ]
      },
      {
        "kind": "Import",
        "name": "Foundation",
        "printedName": "Foundation",
        "declKind": "Import",
        "moduleName": "biqSdk",
        "declAttributes": [
          "RawDocComment"
        ]
      },
      {
        "kind": "Import",
        "name": "Alamofire",
        "printedName": "Alamofire",
        "declKind": "Import",
        "moduleName": "biqSdk",
        "declAttributes": [
          "AccessControl"
        ]
      },
      {
        "kind": "TypeDecl",
        "name": "BiqScanningState",
        "printedName": "BiqScanningState",
        "children": [
          {
            "kind": "Var",
            "name": "unknown",
            "printedName": "unknown",
            "children": [
              {
                "kind": "TypeFunc",
                "name": "Function",
                "printedName": "(biqSdk.BiqScanningState.Type) -> biqSdk.BiqScanningState",
                "children": [
                  {
                    "kind": "TypeNominal",
                    "name": "BiqScanningState",
                    "printedName": "biqSdk.BiqScanningState",
                    "usr": "s:6biqSdk16BiqScanningStateO"
                  },
                  {
                    "kind": "TypeNominal",
                    "name": "Metatype",
                    "printedName": "biqSdk.BiqScanningState.Type",
                    "children": [
                      {
                        "kind": "TypeNominal",
                        "name": "BiqScanningState",
                        "printedName": "biqSdk.BiqScanningState",
                        "usr": "s:6biqSdk16BiqScanningStateO"
                      }
                    ]
                  }
                ]
              }
            ],
            "declKind": "EnumElement",
            "usr": "s:6biqSdk16BiqScanningStateO7unknownyA2CmF",
            "mangledName": "$s6biqSdk16BiqScanningStateO7unknownyA2CmF",
            "moduleName": "biqSdk"
          },
          {
            "kind": "Var",
            "name": "scanningNotStarted",
            "printedName": "scanningNotStarted",
            "children": [
              {
                "kind": "TypeFunc",
                "name": "Function",
                "printedName": "(biqSdk.BiqScanningState.Type) -> biqSdk.BiqScanningState",
                "children": [
                  {
                    "kind": "TypeNominal",
                    "name": "BiqScanningState",
                    "printedName": "biqSdk.BiqScanningState",
                    "usr": "s:6biqSdk16BiqScanningStateO"
                  },
                  {
                    "kind": "TypeNominal",
                    "name": "Metatype",
                    "printedName": "biqSdk.BiqScanningState.Type",
                    "children": [
                      {
                        "kind": "TypeNominal",
                        "name": "BiqScanningState",
                        "printedName": "biqSdk.BiqScanningState",
                        "usr": "s:6biqSdk16BiqScanningStateO"
                      }
                    ]
                  }
                ]
              }
            ],
            "declKind": "EnumElement",
            "usr": "s:6biqSdk16BiqScanningStateO18scanningNotStartedyA2CmF",
            "mangledName": "$s6biqSdk16BiqScanningStateO18scanningNotStartedyA2CmF",
            "moduleName": "biqSdk"
          },
          {
            "kind": "Var",
            "name": "scanningInProgress",
            "printedName": "scanningInProgress",
            "children": [
              {
                "kind": "TypeFunc",
                "name": "Function",
                "printedName": "(biqSdk.BiqScanningState.Type) -> biqSdk.BiqScanningState",
                "children": [
                  {
                    "kind": "TypeNominal",
                    "name": "BiqScanningState",
                    "printedName": "biqSdk.BiqScanningState",
                    "usr": "s:6biqSdk16BiqScanningStateO"
                  },
                  {
                    "kind": "TypeNominal",
                    "name": "Metatype",
                    "printedName": "biqSdk.BiqScanningState.Type",
                    "children": [
                      {
                        "kind": "TypeNominal",
                        "name": "BiqScanningState",
                        "printedName": "biqSdk.BiqScanningState",
                        "usr": "s:6biqSdk16BiqScanningStateO"
                      }
                    ]
                  }
                ]
              }
            ],
            "declKind": "EnumElement",
            "usr": "s:6biqSdk16BiqScanningStateO18scanningInProgressyA2CmF",
            "mangledName": "$s6biqSdk16BiqScanningStateO18scanningInProgressyA2CmF",
            "moduleName": "biqSdk"
          },
          {
            "kind": "Constructor",
            "name": "init",
            "printedName": "init(rawValue:)",
            "children": [
              {
                "kind": "TypeNominal",
                "name": "Optional",
                "printedName": "biqSdk.BiqScanningState?",
                "children": [
                  {
                    "kind": "TypeNominal",
                    "name": "BiqScanningState",
                    "printedName": "biqSdk.BiqScanningState",
                    "usr": "s:6biqSdk16BiqScanningStateO"
                  }
                ],
                "usr": "s:Sq"
              },
              {
                "kind": "TypeNominal",
                "name": "Int",
                "printedName": "Swift.Int",
                "usr": "s:Si"
              }
            ],
            "declKind": "Constructor",
            "usr": "s:6biqSdk16BiqScanningStateO8rawValueACSgSi_tcfc",
            "mangledName": "$s6biqSdk16BiqScanningStateO8rawValueACSgSi_tcfc",
            "moduleName": "biqSdk",
            "implicit": true,
            "init_kind": "Designated"
          },
          {
            "kind": "Var",
            "name": "rawValue",
            "printedName": "rawValue",
            "children": [
              {
                "kind": "TypeNominal",
                "name": "Int",
                "printedName": "Swift.Int",
                "usr": "s:Si"
              }
            ],
            "declKind": "Var",
            "usr": "s:6biqSdk16BiqScanningStateO8rawValueSivp",
            "mangledName": "$s6biqSdk16BiqScanningStateO8rawValueSivp",
            "moduleName": "biqSdk",
            "implicit": true,
            "accessors": [
              {
                "kind": "Accessor",
                "name": "Get",
                "printedName": "Get()",
                "children": [
                  {
                    "kind": "TypeNominal",
                    "name": "Int",
                    "printedName": "Swift.Int",
                    "usr": "s:Si"
                  }
                ],
                "declKind": "Accessor",
                "usr": "s:6biqSdk16BiqScanningStateO8rawValueSivg",
                "mangledName": "$s6biqSdk16BiqScanningStateO8rawValueSivg",
                "moduleName": "biqSdk",
                "implicit": true,
                "accessorKind": "get"
              }
            ]
          }
        ],
        "declKind": "Enum",
        "usr": "s:6biqSdk16BiqScanningStateO",
        "mangledName": "$s6biqSdk16BiqScanningStateO",
        "moduleName": "biqSdk",
        "declAttributes": [
          "AccessControl",
          "RawDocComment"
        ],
        "enumRawTypeName": "Int",
        "conformances": [
          {
            "kind": "Conformance",
            "name": "Copyable",
            "printedName": "Copyable",
            "usr": "s:s8CopyableP",
            "mangledName": "$ss8CopyableP"
          },
          {
            "kind": "Conformance",
            "name": "Escapable",
            "printedName": "Escapable",
            "usr": "s:s9EscapableP",
            "mangledName": "$ss9EscapableP"
          },
          {
            "kind": "Conformance",
            "name": "Equatable",
            "printedName": "Equatable",
            "usr": "s:SQ",
            "mangledName": "$sSQ"
          },
          {
            "kind": "Conformance",
            "name": "Hashable",
            "printedName": "Hashable",
            "usr": "s:SH",
            "mangledName": "$sSH"
          },
          {
            "kind": "Conformance",
            "name": "RawRepresentable",
            "printedName": "RawRepresentable",
            "children": [
              {
                "kind": "TypeWitness",
                "name": "RawValue",
                "printedName": "RawValue",
                "children": [
                  {
                    "kind": "TypeNominal",
                    "name": "Int",
                    "printedName": "Swift.Int",
                    "usr": "s:Si"
                  }
                ]
              }
            ],
            "usr": "s:SY",
            "mangledName": "$sSY"
          },
          {
            "kind": "Conformance",
            "name": "Decodable",
            "printedName": "Decodable",
            "usr": "s:Se",
            "mangledName": "$sSe"
          },
          {
            "kind": "Conformance",
            "name": "Encodable",
            "printedName": "Encodable",
            "usr": "s:SE",
            "mangledName": "$sSE"
          }
        ]
      },
      {
        "kind": "Import",
        "name": "Foundation",
        "printedName": "Foundation",
        "declKind": "Import",
        "moduleName": "biqSdk",
        "declAttributes": [
          "RawDocComment"
        ]
      },
      {
        "kind": "Import",
        "name": "Alamofire",
        "printedName": "Alamofire",
        "declKind": "Import",
        "moduleName": "biqSdk",
        "declAttributes": [
          "AccessControl",
          "RawDocComment"
        ]
      },
      {
        "kind": "Import",
        "name": "Foundation",
        "printedName": "Foundation",
        "declKind": "Import",
        "moduleName": "biqSdk"
      },
      {
        "kind": "Import",
        "name": "UserNotifications",
        "printedName": "UserNotifications",
        "declKind": "Import",
        "moduleName": "biqSdk",
        "declAttributes": [
          "RawDocComment"
        ]
      },
      {
        "kind": "Import",
        "name": "Foundation",
        "printedName": "Foundation",
        "declKind": "Import",
        "moduleName": "biqSdk",
        "declAttributes": [
          "RawDocComment"
        ]
      },
      {
        "kind": "Import",
        "name": "SQLite",
        "printedName": "SQLite",
        "declKind": "Import",
        "moduleName": "biqSdk",
        "declAttributes": [
          "AccessControl",
          "RawDocComment"
        ]
      },
      {
        "kind": "Import",
        "name": "Foundation",
        "printedName": "Foundation",
        "declKind": "Import",
        "moduleName": "biqSdk",
        "declAttributes": [
          "RawDocComment"
        ]
      },
      {
        "kind": "Import",
        "name": "Alamofire",
        "printedName": "Alamofire",
        "declKind": "Import",
        "moduleName": "biqSdk",
        "declAttributes": [
          "AccessControl"
        ]
      },
      {
        "kind": "Import",
        "name": "Foundation",
        "printedName": "Foundation",
        "declKind": "Import",
        "moduleName": "biqSdk",
        "declAttributes": [
          "RawDocComment"
        ]
      },
      {
        "kind": "Import",
        "name": "CoreLocation",
        "printedName": "CoreLocation",
        "declKind": "Import",
        "moduleName": "biqSdk"
      },
      {
        "kind": "Import",
        "name": "Foundation",
        "printedName": "Foundation",
        "declKind": "Import",
        "moduleName": "biqSdk",
        "declAttributes": [
          "RawDocComment"
        ]
      },
      {
        "kind": "Import",
        "name": "Alamofire",
        "printedName": "Alamofire",
        "declKind": "Import",
        "moduleName": "biqSdk",
        "declAttributes": [
          "AccessControl"
        ]
      },
      {
        "kind": "TypeDecl",
        "name": "BiqPresenceState",
        "printedName": "BiqPresenceState",
        "children": [
          {
            "kind": "Var",
            "name": "unknown",
            "printedName": "unknown",
            "children": [
              {
                "kind": "TypeFunc",
                "name": "Function",
                "printedName": "(biqSdk.BiqPresenceState.Type) -> biqSdk.BiqPresenceState",
                "children": [
                  {
                    "kind": "TypeNominal",
                    "name": "BiqPresenceState",
                    "printedName": "biqSdk.BiqPresenceState",
                    "usr": "s:6biqSdk16BiqPresenceStateO"
                  },
                  {
                    "kind": "TypeNominal",
                    "name": "Metatype",
                    "printedName": "biqSdk.BiqPresenceState.Type",
                    "children": [
                      {
                        "kind": "TypeNominal",
                        "name": "BiqPresenceState",
                        "printedName": "biqSdk.BiqPresenceState",
                        "usr": "s:6biqSdk16BiqPresenceStateO"
                      }
                    ]
                  }
                ]
              }
            ],
            "declKind": "EnumElement",
            "usr": "s:6biqSdk16BiqPresenceStateO7unknownyA2CmF",
            "mangledName": "$s6biqSdk16BiqPresenceStateO7unknownyA2CmF",
            "moduleName": "biqSdk"
          },
          {
            "kind": "Var",
            "name": "scanningNotStarted",
            "printedName": "scanningNotStarted",
            "children": [
              {
                "kind": "TypeFunc",
                "name": "Function",
                "printedName": "(biqSdk.BiqPresenceState.Type) -> biqSdk.BiqPresenceState",
                "children": [
                  {
                    "kind": "TypeNominal",
                    "name": "BiqPresenceState",
                    "printedName": "biqSdk.BiqPresenceState",
                    "usr": "s:6biqSdk16BiqPresenceStateO"
                  },
                  {
                    "kind": "TypeNominal",
                    "name": "Metatype",
                    "printedName": "biqSdk.BiqPresenceState.Type",
                    "children": [
                      {
                        "kind": "TypeNominal",
                        "name": "BiqPresenceState",
                        "printedName": "biqSdk.BiqPresenceState",
                        "usr": "s:6biqSdk16BiqPresenceStateO"
                      }
                    ]
                  }
                ]
              }
            ],
            "declKind": "EnumElement",
            "usr": "s:6biqSdk16BiqPresenceStateO18scanningNotStartedyA2CmF",
            "mangledName": "$s6biqSdk16BiqPresenceStateO18scanningNotStartedyA2CmF",
            "moduleName": "biqSdk"
          },
          {
            "kind": "Var",
            "name": "scanningInProgress",
            "printedName": "scanningInProgress",
            "children": [
              {
                "kind": "TypeFunc",
                "name": "Function",
                "printedName": "(biqSdk.BiqPresenceState.Type) -> biqSdk.BiqPresenceState",
                "children": [
                  {
                    "kind": "TypeNominal",
                    "name": "BiqPresenceState",
                    "printedName": "biqSdk.BiqPresenceState",
                    "usr": "s:6biqSdk16BiqPresenceStateO"
                  },
                  {
                    "kind": "TypeNominal",
                    "name": "Metatype",
                    "printedName": "biqSdk.BiqPresenceState.Type",
                    "children": [
                      {
                        "kind": "TypeNominal",
                        "name": "BiqPresenceState",
                        "printedName": "biqSdk.BiqPresenceState",
                        "usr": "s:6biqSdk16BiqPresenceStateO"
                      }
                    ]
                  }
                ]
              }
            ],
            "declKind": "EnumElement",
            "usr": "s:6biqSdk16BiqPresenceStateO18scanningInProgressyA2CmF",
            "mangledName": "$s6biqSdk16BiqPresenceStateO18scanningInProgressyA2CmF",
            "moduleName": "biqSdk"
          },
          {
            "kind": "Var",
            "name": "insideBeaconRange",
            "printedName": "insideBeaconRange",
            "children": [
              {
                "kind": "TypeFunc",
                "name": "Function",
                "printedName": "(biqSdk.BiqPresenceState.Type) -> biqSdk.BiqPresenceState",
                "children": [
                  {
                    "kind": "TypeNominal",
                    "name": "BiqPresenceState",
                    "printedName": "biqSdk.BiqPresenceState",
                    "usr": "s:6biqSdk16BiqPresenceStateO"
                  },
                  {
                    "kind": "TypeNominal",
                    "name": "Metatype",
                    "printedName": "biqSdk.BiqPresenceState.Type",
                    "children": [
                      {
                        "kind": "TypeNominal",
                        "name": "BiqPresenceState",
                        "printedName": "biqSdk.BiqPresenceState",
                        "usr": "s:6biqSdk16BiqPresenceStateO"
                      }
                    ]
                  }
                ]
              }
            ],
            "declKind": "EnumElement",
            "usr": "s:6biqSdk16BiqPresenceStateO17insideBeaconRangeyA2CmF",
            "mangledName": "$s6biqSdk16BiqPresenceStateO17insideBeaconRangeyA2CmF",
            "moduleName": "biqSdk"
          },
          {
            "kind": "Var",
            "name": "validationInProgress",
            "printedName": "validationInProgress",
            "children": [
              {
                "kind": "TypeFunc",
                "name": "Function",
                "printedName": "(biqSdk.BiqPresenceState.Type) -> biqSdk.BiqPresenceState",
                "children": [
                  {
                    "kind": "TypeNominal",
                    "name": "BiqPresenceState",
                    "printedName": "biqSdk.BiqPresenceState",
                    "usr": "s:6biqSdk16BiqPresenceStateO"
                  },
                  {
                    "kind": "TypeNominal",
                    "name": "Metatype",
                    "printedName": "biqSdk.BiqPresenceState.Type",
                    "children": [
                      {
                        "kind": "TypeNominal",
                        "name": "BiqPresenceState",
                        "printedName": "biqSdk.BiqPresenceState",
                        "usr": "s:6biqSdk16BiqPresenceStateO"
                      }
                    ]
                  }
                ]
              }
            ],
            "declKind": "EnumElement",
            "usr": "s:6biqSdk16BiqPresenceStateO20validationInProgressyA2CmF",
            "mangledName": "$s6biqSdk16BiqPresenceStateO20validationInProgressyA2CmF",
            "moduleName": "biqSdk"
          },
          {
            "kind": "Var",
            "name": "permissionError",
            "printedName": "permissionError",
            "children": [
              {
                "kind": "TypeFunc",
                "name": "Function",
                "printedName": "(biqSdk.BiqPresenceState.Type) -> biqSdk.BiqPresenceState",
                "children": [
                  {
                    "kind": "TypeNominal",
                    "name": "BiqPresenceState",
                    "printedName": "biqSdk.BiqPresenceState",
                    "usr": "s:6biqSdk16BiqPresenceStateO"
                  },
                  {
                    "kind": "TypeNominal",
                    "name": "Metatype",
                    "printedName": "biqSdk.BiqPresenceState.Type",
                    "children": [
                      {
                        "kind": "TypeNominal",
                        "name": "BiqPresenceState",
                        "printedName": "biqSdk.BiqPresenceState",
                        "usr": "s:6biqSdk16BiqPresenceStateO"
                      }
                    ]
                  }
                ]
              }
            ],
            "declKind": "EnumElement",
            "usr": "s:6biqSdk16BiqPresenceStateO15permissionErroryA2CmF",
            "mangledName": "$s6biqSdk16BiqPresenceStateO15permissionErroryA2CmF",
            "moduleName": "biqSdk"
          },
          {
            "kind": "Var",
            "name": "networkError",
            "printedName": "networkError",
            "children": [
              {
                "kind": "TypeFunc",
                "name": "Function",
                "printedName": "(biqSdk.BiqPresenceState.Type) -> biqSdk.BiqPresenceState",
                "children": [
                  {
                    "kind": "TypeNominal",
                    "name": "BiqPresenceState",
                    "printedName": "biqSdk.BiqPresenceState",
                    "usr": "s:6biqSdk16BiqPresenceStateO"
                  },
                  {
                    "kind": "TypeNominal",
                    "name": "Metatype",
                    "printedName": "biqSdk.BiqPresenceState.Type",
                    "children": [
                      {
                        "kind": "TypeNominal",
                        "name": "BiqPresenceState",
                        "printedName": "biqSdk.BiqPresenceState",
                        "usr": "s:6biqSdk16BiqPresenceStateO"
                      }
                    ]
                  }
                ]
              }
            ],
            "declKind": "EnumElement",
            "usr": "s:6biqSdk16BiqPresenceStateO12networkErroryA2CmF",
            "mangledName": "$s6biqSdk16BiqPresenceStateO12networkErroryA2CmF",
            "moduleName": "biqSdk"
          },
          {
            "kind": "Constructor",
            "name": "init",
            "printedName": "init(rawValue:)",
            "children": [
              {
                "kind": "TypeNominal",
                "name": "Optional",
                "printedName": "biqSdk.BiqPresenceState?",
                "children": [
                  {
                    "kind": "TypeNominal",
                    "name": "BiqPresenceState",
                    "printedName": "biqSdk.BiqPresenceState",
                    "usr": "s:6biqSdk16BiqPresenceStateO"
                  }
                ],
                "usr": "s:Sq"
              },
              {
                "kind": "TypeNominal",
                "name": "Int",
                "printedName": "Swift.Int",
                "usr": "s:Si"
              }
            ],
            "declKind": "Constructor",
            "usr": "s:6biqSdk16BiqPresenceStateO8rawValueACSgSi_tcfc",
            "mangledName": "$s6biqSdk16BiqPresenceStateO8rawValueACSgSi_tcfc",
            "moduleName": "biqSdk",
            "implicit": true,
            "init_kind": "Designated"
          },
          {
            "kind": "Var",
            "name": "rawValue",
            "printedName": "rawValue",
            "children": [
              {
                "kind": "TypeNominal",
                "name": "Int",
                "printedName": "Swift.Int",
                "usr": "s:Si"
              }
            ],
            "declKind": "Var",
            "usr": "s:6biqSdk16BiqPresenceStateO8rawValueSivp",
            "mangledName": "$s6biqSdk16BiqPresenceStateO8rawValueSivp",
            "moduleName": "biqSdk",
            "implicit": true,
            "accessors": [
              {
                "kind": "Accessor",
                "name": "Get",
                "printedName": "Get()",
                "children": [
                  {
                    "kind": "TypeNominal",
                    "name": "Int",
                    "printedName": "Swift.Int",
                    "usr": "s:Si"
                  }
                ],
                "declKind": "Accessor",
                "usr": "s:6biqSdk16BiqPresenceStateO8rawValueSivg",
                "mangledName": "$s6biqSdk16BiqPresenceStateO8rawValueSivg",
                "moduleName": "biqSdk",
                "implicit": true,
                "accessorKind": "get"
              }
            ]
          }
        ],
        "declKind": "Enum",
        "usr": "s:6biqSdk16BiqPresenceStateO",
        "mangledName": "$s6biqSdk16BiqPresenceStateO",
        "moduleName": "biqSdk",
        "declAttributes": [
          "AccessControl",
          "RawDocComment"
        ],
        "enumRawTypeName": "Int",
        "conformances": [
          {
            "kind": "Conformance",
            "name": "Copyable",
            "printedName": "Copyable",
            "usr": "s:s8CopyableP",
            "mangledName": "$ss8CopyableP"
          },
          {
            "kind": "Conformance",
            "name": "Escapable",
            "printedName": "Escapable",
            "usr": "s:s9EscapableP",
            "mangledName": "$ss9EscapableP"
          },
          {
            "kind": "Conformance",
            "name": "Equatable",
            "printedName": "Equatable",
            "usr": "s:SQ",
            "mangledName": "$sSQ"
          },
          {
            "kind": "Conformance",
            "name": "Hashable",
            "printedName": "Hashable",
            "usr": "s:SH",
            "mangledName": "$sSH"
          },
          {
            "kind": "Conformance",
            "name": "RawRepresentable",
            "printedName": "RawRepresentable",
            "children": [
              {
                "kind": "TypeWitness",
                "name": "RawValue",
                "printedName": "RawValue",
                "children": [
                  {
                    "kind": "TypeNominal",
                    "name": "Int",
                    "printedName": "Swift.Int",
                    "usr": "s:Si"
                  }
                ]
              }
            ],
            "usr": "s:SY",
            "mangledName": "$sSY"
          },
          {
            "kind": "Conformance",
            "name": "Decodable",
            "printedName": "Decodable",
            "usr": "s:Se",
            "mangledName": "$sSe"
          },
          {
            "kind": "Conformance",
            "name": "Encodable",
            "printedName": "Encodable",
            "usr": "s:SE",
            "mangledName": "$sSE"
          }
        ]
      },
      {
        "kind": "Import",
        "name": "Foundation",
        "printedName": "Foundation",
        "declKind": "Import",
        "moduleName": "biqSdk",
        "declAttributes": [
          "RawDocComment"
        ]
      },
      {
        "kind": "Import",
        "name": "CoreBluetooth",
        "printedName": "CoreBluetooth",
        "declKind": "Import",
        "moduleName": "biqSdk"
      },
      {
        "kind": "Import",
        "name": "CoreLocation",
        "printedName": "CoreLocation",
        "declKind": "Import",
        "moduleName": "biqSdk",
        "declAttributes": [
          "RawDocComment"
        ]
      },
      {
        "kind": "Import",
        "name": "Foundation",
        "printedName": "Foundation",
        "declKind": "Import",
        "moduleName": "biqSdk"
      },
      {
        "kind": "TypeDecl",
        "name": "PresenceProofResponseDto",
        "printedName": "PresenceProofResponseDto",
        "children": [
          {
            "kind": "Constructor",
            "name": "init",
            "printedName": "init(from:)",
            "children": [
              {
                "kind": "TypeNominal",
                "name": "PresenceProofResponseDto",
                "printedName": "biqSdk.PresenceProofResponseDto",
                "usr": "s:6biqSdk24PresenceProofResponseDtoV"
              },
              {
                "kind": "TypeNominal",
                "name": "Decoder",
                "printedName": "any Swift.Decoder",
                "usr": "s:s7DecoderP"
              }
            ],
            "declKind": "Constructor",
            "usr": "s:6biqSdk24PresenceProofResponseDtoV4fromACs7Decoder_p_tKcfc",
            "mangledName": "$s6biqSdk24PresenceProofResponseDtoV4fromACs7Decoder_p_tKcfc",
            "moduleName": "biqSdk",
            "implicit": true,
            "throwing": true,
            "init_kind": "Designated"
          },
          {
            "kind": "Function",
            "name": "encode",
            "printedName": "encode(to:)",
            "children": [
              {
                "kind": "TypeNominal",
                "name": "Void",
                "printedName": "()"
              },
              {
                "kind": "TypeNominal",
                "name": "Encoder",
                "printedName": "any Swift.Encoder",
                "usr": "s:s7EncoderP"
              }
            ],
            "declKind": "Func",
            "usr": "s:6biqSdk24PresenceProofResponseDtoV6encode2toys7Encoder_p_tKF",
            "mangledName": "$s6biqSdk24PresenceProofResponseDtoV6encode2toys7Encoder_p_tKF",
            "moduleName": "biqSdk",
            "implicit": true,
            "throwing": true,
            "funcSelfKind": "NonMutating"
          }
        ],
        "declKind": "Struct",
        "usr": "s:6biqSdk24PresenceProofResponseDtoV",
        "mangledName": "$s6biqSdk24PresenceProofResponseDtoV",
        "moduleName": "biqSdk",
        "declAttributes": [
          "AccessControl",
          "RawDocComment"
        ],
        "conformances": [
          {
            "kind": "Conformance",
            "name": "Copyable",
            "printedName": "Copyable",
            "usr": "s:s8CopyableP",
            "mangledName": "$ss8CopyableP"
          },
          {
            "kind": "Conformance",
            "name": "Escapable",
            "printedName": "Escapable",
            "usr": "s:s9EscapableP",
            "mangledName": "$ss9EscapableP"
          },
          {
            "kind": "Conformance",
            "name": "Decodable",
            "printedName": "Decodable",
            "usr": "s:Se",
            "mangledName": "$sSe"
          },
          {
            "kind": "Conformance",
            "name": "Encodable",
            "printedName": "Encodable",
            "usr": "s:SE",
            "mangledName": "$sSE"
          }
        ]
      },
      {
        "kind": "Import",
        "name": "Foundation",
        "printedName": "Foundation",
        "declKind": "Import",
        "moduleName": "biqSdk",
        "declAttributes": [
          "RawDocComment"
        ]
      },
      {
        "kind": "Import",
        "name": "Alamofire",
        "printedName": "Alamofire",
        "declKind": "Import",
        "moduleName": "biqSdk",
        "declAttributes": [
          "AccessControl"
        ]
      },
      {
        "kind": "Import",
        "name": "SQLite",
        "printedName": "SQLite",
        "declKind": "Import",
        "moduleName": "biqSdk",
        "declAttributes": [
          "AccessControl",
          "RawDocComment"
        ]
      },
      {
        "kind": "Import",
        "name": "Foundation",
        "printedName": "Foundation",
        "declKind": "Import",
        "moduleName": "biqSdk",
        "declAttributes": [
          "RawDocComment"
        ]
      },
      {
        "kind": "Import",
        "name": "CoreBluetooth",
        "printedName": "CoreBluetooth",
        "declKind": "Import",
        "moduleName": "biqSdk"
      }
    ],
    "json_format_version": 8
  },
  "ConstValues": [
    {
      "filePath": "\/Users\/cst-00104\/Personal\/projects\/biq\/ios\/biq-sdk-ios\/biqSdk\/managers\/PermissionsManager.swift",
      "kind": "StringLiteral",
      "offset": 495,
      "length": 17,
      "value": "\"LOCATION_ALWAYS\""
    },
    {
      "filePath": "\/Users\/cst-00104\/Personal\/projects\/biq\/ios\/biq-sdk-ios\/biqSdk\/managers\/PermissionsManager.swift",
      "kind": "StringLiteral",
      "offset": 538,
      "length": 11,
      "value": "\"BLUETOOTH\""
    },
    {
      "filePath": "\/Users\/cst-00104\/Personal\/projects\/biq\/ios\/biq-sdk-ios\/biqSdk\/managers\/PermissionsManager.swift",
      "kind": "StringLiteral",
      "offset": 579,
      "length": 15,
      "value": "\"NOTIFICATIONS\""
    },
    {
      "filePath": "\/Users\/cst-00104\/Personal\/projects\/biq\/ios\/biq-sdk-ios\/biqSdk\/providers\/DebugModeProvider.swift",
      "kind": "BooleanLiteral",
      "offset": 257,
      "length": 5,
      "value": "false"
    },
    {
      "filePath": "\/Users\/cst-00104\/Personal\/projects\/biq\/ios\/biq-sdk-ios\/biqSdk\/managers\/logs\/LogManager.swift",
      "kind": "StringLiteral",
      "offset": 201,
      "length": 12,
      "value": "\"LogsExport\""
    },
    {
      "filePath": "\/Users\/cst-00104\/Personal\/projects\/biq\/ios\/biq-sdk-ios\/biqSdk\/managers\/beacon\/BeaconScannerManager.swift",
      "kind": "BooleanLiteral",
      "offset": 680,
      "length": 5,
      "value": "false"
    },
    {
      "filePath": "\/Users\/cst-00104\/Personal\/projects\/biq\/ios\/biq-sdk-ios\/biqSdk\/managers\/beacon\/BeaconScannerManager.swift",
      "kind": "BooleanLiteral",
      "offset": 723,
      "length": 5,
      "value": "false"
    },
    {
      "filePath": "\/Users\/cst-00104\/Personal\/projects\/biq\/ios\/biq-sdk-ios\/biqSdk\/managers\/beacon\/BeaconScannerManager.swift",
      "kind": "Array",
      "offset": 894,
      "length": 2,
      "value": "[]"
    },
    {
      "filePath": "\/Users\/cst-00104\/Personal\/projects\/biq\/ios\/biq-sdk-ios\/biqSdk\/managers\/beacon\/BeaconScannerManager.swift",
      "kind": "Array",
      "offset": 1019,
      "length": 2,
      "value": "[]"
    },
    {
      "filePath": "\/Users\/cst-00104\/Personal\/projects\/biq\/ios\/biq-sdk-ios\/biqSdk\/data\/entities\/EventEntity.swift",
      "kind": "StringLiteral",
      "offset": 140,
      "length": 13,
      "value": "\"eventEntity\""
    },
    {
      "filePath": "\/Users\/cst-00104\/Personal\/projects\/biq\/ios\/biq-sdk-ios\/biqSdk\/data\/entities\/EventEntity.swift",
      "kind": "StringLiteral",
      "offset": 195,
      "length": 4,
      "value": "\"id\""
    },
    {
      "filePath": "\/Users\/cst-00104\/Personal\/projects\/biq\/ios\/biq-sdk-ios\/biqSdk\/data\/entities\/EventEntity.swift",
      "kind": "StringLiteral",
      "offset": 242,
      "length": 6,
      "value": "\"type\""
    },
    {
      "filePath": "\/Users\/cst-00104\/Personal\/projects\/biq\/ios\/biq-sdk-ios\/biqSdk\/data\/entities\/EventEntity.swift",
      "kind": "StringLiteral",
      "offset": 291,
      "length": 6,
      "value": "\"name\""
    },
    {
      "filePath": "\/Users\/cst-00104\/Personal\/projects\/biq\/ios\/biq-sdk-ios\/biqSdk\/data\/entities\/EventEntity.swift",
      "kind": "StringLiteral",
      "offset": 347,
      "length": 13,
      "value": "\"description\""
    },
    {
      "filePath": "\/Users\/cst-00104\/Personal\/projects\/biq\/ios\/biq-sdk-ios\/biqSdk\/data\/entities\/EventEntity.swift",
      "kind": "StringLiteral",
      "offset": 404,
      "length": 7,
      "value": "\"image\""
    },
    {
      "filePath": "\/Users\/cst-00104\/Personal\/projects\/biq\/ios\/biq-sdk-ios\/biqSdk\/data\/entities\/EventEntity.swift",
      "kind": "StringLiteral",
      "offset": 460,
      "length": 11,
      "value": "\"organizer\""
    },
    {
      "filePath": "\/Users\/cst-00104\/Personal\/projects\/biq\/ios\/biq-sdk-ios\/biqSdk\/data\/entities\/EventEntity.swift",
      "kind": "StringLiteral",
      "offset": 514,
      "length": 5,
      "value": "\"url\""
    },
    {
      "filePath": "\/Users\/cst-00104\/Personal\/projects\/biq\/ios\/biq-sdk-ios\/biqSdk\/data\/entities\/EventEntity.swift",
      "kind": "StringLiteral",
      "offset": 567,
      "length": 11,
      "value": "\"startTime\""
    },
    {
      "filePath": "\/Users\/cst-00104\/Personal\/projects\/biq\/ios\/biq-sdk-ios\/biqSdk\/data\/entities\/EventEntity.swift",
      "kind": "StringLiteral",
      "offset": 624,
      "length": 9,
      "value": "\"endTime\""
    },
    {
      "filePath": "\/Users\/cst-00104\/Personal\/projects\/biq\/ios\/biq-sdk-ios\/biqSdk\/data\/entities\/EventEntity.swift",
      "kind": "StringLiteral",
      "offset": 679,
      "length": 10,
      "value": "\"isPublic\""
    },
    {
      "filePath": "\/Users\/cst-00104\/Personal\/projects\/biq\/ios\/biq-sdk-ios\/biqSdk\/data\/entities\/EventEntity.swift",
      "kind": "StringLiteral",
      "offset": 734,
      "length": 9,
      "value": "\"isGated\""
    },
    {
      "filePath": "\/Users\/cst-00104\/Personal\/projects\/biq\/ios\/biq-sdk-ios\/biqSdk\/data\/entities\/EventEntity.swift",
      "kind": "StringLiteral",
      "offset": 787,
      "length": 6,
      "value": "\"tags\""
    },
    {
      "filePath": "\/Users\/cst-00104\/Personal\/projects\/biq\/ios\/biq-sdk-ios\/biqSdk\/data\/entities\/EventEntity.swift",
      "kind": "StringLiteral",
      "offset": 863,
      "length": 8,
      "value": "\"owners\""
    },
    {
      "filePath": "\/Users\/cst-00104\/Personal\/projects\/biq\/ios\/biq-sdk-ios\/biqSdk\/managers\/notifications\/models\/NotificationId.swift",
      "kind": "StringLiteral",
      "offset": 117,
      "length": 17,
      "value": "\"beacon.scanning\""
    },
    {
      "filePath": "\/Users\/cst-00104\/Personal\/projects\/biq\/ios\/biq-sdk-ios\/biqSdk\/managers\/notifications\/models\/NotificationId.swift",
      "kind": "StringLiteral",
      "offset": 162,
      "length": 18,
      "value": "\"beacon.proximity\""
    },
    {
      "filePath": "\/Users\/cst-00104\/Personal\/projects\/biq\/ios\/biq-sdk-ios\/biqSdk\/managers\/preferences\/private\/SecurePrefsManager.swift",
      "kind": "StringLiteral",
      "offset": 331,
      "length": 2,
      "value": "\"\""
    },
    {
      "filePath": "\/Users\/cst-00104\/Personal\/projects\/biq\/ios\/biq-sdk-ios\/biqSdk\/managers\/preferences\/private\/SecurePrefsManager.swift",
      "kind": "StringLiteral",
      "offset": 433,
      "length": 2,
      "value": "\"\""
    },
    {
      "filePath": "\/Users\/cst-00104\/Personal\/projects\/biq\/ios\/biq-sdk-ios\/biqSdk\/managers\/preferences\/private\/SecurePrefsManager.swift",
      "kind": "StringLiteral",
      "offset": 530,
      "length": 2,
      "value": "\"\""
    },
    {
      "filePath": "\/Users\/cst-00104\/Personal\/projects\/biq\/ios\/biq-sdk-ios\/biqSdk\/managers\/data\/DatabaseManager.swift",
      "kind": "StringLiteral",
      "offset": 335,
      "length": 23,
      "value": "\"biqSdkDatabaseVersion\""
    },
    {
      "filePath": "\/Users\/cst-00104\/Personal\/projects\/biq\/ios\/biq-sdk-ios\/biqSdk\/managers\/data\/DatabaseManager.swift",
      "kind": "IntegerLiteral",
      "offset": 392,
      "length": 1,
      "value": "1"
    },
    {
      "filePath": "\/Users\/cst-00104\/Personal\/projects\/biq\/ios\/biq-sdk-ios\/biqSdk\/managers\/preferences\/public\/PrefsManager.swift",
      "kind": "BooleanLiteral",
      "offset": 1558,
      "length": 5,
      "value": "false"
    },
    {
      "filePath": "\/Users\/cst-00104\/Personal\/projects\/biq\/ios\/biq-sdk-ios\/biqSdk\/managers\/preferences\/public\/PrefsManager.swift",
      "kind": "BooleanLiteral",
      "offset": 1656,
      "length": 5,
      "value": "false"
    },
    {
      "filePath": "\/Users\/cst-00104\/Personal\/projects\/biq\/ios\/biq-sdk-ios\/biqSdk\/managers\/preferences\/public\/PrefsManager.swift",
      "kind": "BooleanLiteral",
      "offset": 1754,
      "length": 5,
      "value": "false"
    },
    {
      "filePath": "\/Users\/cst-00104\/Personal\/projects\/biq\/ios\/biq-sdk-ios\/biqSdk\/managers\/bluetooth\/BLECommunicationManager.swift",
      "kind": "Dictionary",
      "offset": 741,
      "length": 3,
      "value": "[]"
    },
    {
      "filePath": "\/Users\/cst-00104\/Personal\/projects\/biq\/ios\/biq-sdk-ios\/biqSdk\/managers\/bluetooth\/BLECommunicationManager.swift",
      "kind": "Dictionary",
      "offset": 834,
      "length": 3,
      "value": "[]"
    },
    {
      "filePath": "\/Users\/cst-00104\/Personal\/projects\/biq\/ios\/biq-sdk-ios\/biqSdk\/managers\/bluetooth\/BLECommunicationManager.swift",
      "kind": "Dictionary",
      "offset": 938,
      "length": 3,
      "value": "[]"
    },
    {
      "filePath": "\/Users\/cst-00104\/Personal\/projects\/biq\/ios\/biq-sdk-ios\/biqSdk\/managers\/bluetooth\/BLECommunicationManager.swift",
      "kind": "Dictionary",
      "offset": 1022,
      "length": 3,
      "value": "[]"
    },
    {
      "filePath": "\/Users\/cst-00104\/Personal\/projects\/biq\/ios\/biq-sdk-ios\/biqSdk\/managers\/bluetooth\/BLECommunicationManager.swift",
      "kind": "Dictionary",
      "offset": 1107,
      "length": 3,
      "value": "[]"
    },
    {
      "filePath": "\/Users\/cst-00104\/Personal\/projects\/biq\/ios\/biq-sdk-ios\/biqSdk\/managers\/bluetooth\/BLECommunicationManager.swift",
      "kind": "Dictionary",
      "offset": 1193,
      "length": 3,
      "value": "[]"
    },
    {
      "filePath": "\/Users\/cst-00104\/Personal\/projects\/biq\/ios\/biq-sdk-ios\/biqSdk\/managers\/bluetooth\/BLECommunicationManager.swift",
      "kind": "IntegerLiteral",
      "offset": 6870,
      "length": 4,
      "value": "3000"
    },
    {
      "filePath": "\/Users\/cst-00104\/Personal\/projects\/biq\/ios\/biq-sdk-ios\/biqSdk\/network\/interceptors\/APIKeyInterceptor.swift",
      "kind": "StringLiteral",
      "offset": 196,
      "length": 11,
      "value": "\"x-api-key\""
    },
    {
      "filePath": "\/Users\/cst-00104\/Personal\/projects\/biq\/ios\/biq-sdk-ios\/biqSdk\/utils\/Base58.swift",
      "kind": "StringLiteral",
      "offset": 136,
      "length": 60,
      "value": "\"123456789ABCDEFGHJKLMNPQRSTUVWXYZabcdefghijkmnopqrstuvwxyz\""
    },
    {
      "filePath": "\/Users\/cst-00104\/Personal\/projects\/biq\/ios\/biq-sdk-ios\/biqSdk\/managers\/beacon\/models\/BeaconScannerManagerConstants.swift",
      "kind": "StringLiteral",
      "offset": 106,
      "length": 22,
      "value": "\"BeaconScannerManager\""
    },
    {
      "filePath": "\/Users\/cst-00104\/Personal\/projects\/biq\/ios\/biq-sdk-ios\/biqSdk\/managers\/beacon\/models\/BeaconScannerManagerConstants.swift",
      "kind": "IntegerLiteral",
      "offset": 248,
      "length": 2,
      "value": "10"
    },
    {
      "filePath": "\/Users\/cst-00104\/Personal\/projects\/biq\/ios\/biq-sdk-ios\/biqSdk\/managers\/beacon\/models\/BeaconScannerManagerConstants.swift",
      "kind": "IntegerLiteral",
      "offset": 432,
      "length": 1,
      "value": "5"
    },
    {
      "filePath": "\/Users\/cst-00104\/Personal\/projects\/biq\/ios\/biq-sdk-ios\/biqSdk\/managers\/beacon\/models\/BeaconScannerManagerConstants.swift",
      "kind": "IntegerLiteral",
      "offset": 661,
      "length": 1,
      "value": "4"
    },
    {
      "filePath": "\/Users\/cst-00104\/Personal\/projects\/biq\/ios\/biq-sdk-ios\/biqSdk\/managers\/network\/NetworkConnectivityManager.swift",
      "kind": "StringLiteral",
      "offset": 311,
      "length": 33,
      "value": "\"NetworkConnectivityMonitorQueue\""
    },
    {
      "filePath": "\/Users\/cst-00104\/Personal\/projects\/biq\/ios\/biq-sdk-ios\/biqSdk\/managers\/network\/NetworkConnectivityManager.swift",
      "kind": "Array",
      "offset": 465,
      "length": 2,
      "value": "[]"
    },
    {
      "filePath": "\/Users\/cst-00104\/Personal\/projects\/biq\/ios\/biq-sdk-ios\/biqSdk\/data\/entities\/EventAreaEntity.swift",
      "kind": "StringLiteral",
      "offset": 148,
      "length": 17,
      "value": "\"eventAreaEntity\""
    },
    {
      "filePath": "\/Users\/cst-00104\/Personal\/projects\/biq\/ios\/biq-sdk-ios\/biqSdk\/data\/entities\/EventAreaEntity.swift",
      "kind": "StringLiteral",
      "offset": 207,
      "length": 4,
      "value": "\"id\""
    },
    {
      "filePath": "\/Users\/cst-00104\/Personal\/projects\/biq\/ios\/biq-sdk-ios\/biqSdk\/data\/entities\/EventAreaEntity.swift",
      "kind": "StringLiteral",
      "offset": 260,
      "length": 12,
      "value": "\"locationId\""
    },
    {
      "filePath": "\/Users\/cst-00104\/Personal\/projects\/biq\/ios\/biq-sdk-ios\/biqSdk\/data\/entities\/EventAreaEntity.swift",
      "kind": "StringLiteral",
      "offset": 315,
      "length": 6,
      "value": "\"name\""
    },
    {
      "filePath": "\/Users\/cst-00104\/Personal\/projects\/biq\/ios\/biq-sdk-ios\/biqSdk\/data\/entities\/EventAreaEntity.swift",
      "kind": "StringLiteral",
      "offset": 371,
      "length": 13,
      "value": "\"description\""
    },
    {
      "filePath": "\/Users\/cst-00104\/Personal\/projects\/biq\/ios\/biq-sdk-ios\/biqSdk\/data\/entities\/EventAreaEntity.swift",
      "kind": "StringLiteral",
      "offset": 428,
      "length": 7,
      "value": "\"image\""
    },
    {
      "filePath": "\/Users\/cst-00104\/Personal\/projects\/biq\/ios\/biq-sdk-ios\/biqSdk\/data\/entities\/EventAreaEntity.swift",
      "kind": "StringLiteral",
      "offset": 482,
      "length": 9,
      "value": "\"beacons\""
    },
    {
      "filePath": "\/Users\/cst-00104\/Personal\/projects\/biq\/ios\/biq-sdk-ios\/biqSdk\/models\/BiqScanningState.swift",
      "kind": "IntegerLiteral",
      "offset": 135,
      "length": 1,
      "value": "0"
    },
    {
      "filePath": "\/Users\/cst-00104\/Personal\/projects\/biq\/ios\/biq-sdk-ios\/biqSdk\/models\/BiqScanningState.swift",
      "kind": "IntegerLiteral",
      "offset": 167,
      "length": 1,
      "value": "1"
    },
    {
      "filePath": "\/Users\/cst-00104\/Personal\/projects\/biq\/ios\/biq-sdk-ios\/biqSdk\/models\/BiqScanningState.swift",
      "kind": "IntegerLiteral",
      "offset": 199,
      "length": 1,
      "value": "2"
    },
    {
      "filePath": "\/Users\/cst-00104\/Personal\/projects\/biq\/ios\/biq-sdk-ios\/biqSdk\/managers\/notifications\/NotificationManager.swift",
      "kind": "BooleanLiteral",
      "offset": 311,
      "length": 5,
      "value": "false"
    },
    {
      "filePath": "\/Users\/cst-00104\/Personal\/projects\/biq\/ios\/biq-sdk-ios\/biqSdk\/utils\/AsyncMutex.swift",
      "kind": "BooleanLiteral",
      "offset": 229,
      "length": 5,
      "value": "false"
    },
    {
      "filePath": "\/Users\/cst-00104\/Personal\/projects\/biq\/ios\/biq-sdk-ios\/biqSdk\/utils\/AsyncMutex.swift",
      "kind": "Dictionary",
      "offset": 338,
      "length": 3,
      "value": "[]"
    },
    {
      "filePath": "\/Users\/cst-00104\/Personal\/projects\/biq\/ios\/biq-sdk-ios\/biqSdk\/utils\/AsyncMutex.swift",
      "kind": "Array",
      "offset": 392,
      "length": 2,
      "value": "[]"
    },
    {
      "filePath": "\/Users\/cst-00104\/Personal\/projects\/biq\/ios\/biq-sdk-ios\/biqSdk\/data\/entities\/EventLocationEntity.swift",
      "kind": "StringLiteral",
      "offset": 150,
      "length": 21,
      "value": "\"eventLocationEntity\""
    },
    {
      "filePath": "\/Users\/cst-00104\/Personal\/projects\/biq\/ios\/biq-sdk-ios\/biqSdk\/data\/entities\/EventLocationEntity.swift",
      "kind": "StringLiteral",
      "offset": 213,
      "length": 4,
      "value": "\"id\""
    },
    {
      "filePath": "\/Users\/cst-00104\/Personal\/projects\/biq\/ios\/biq-sdk-ios\/biqSdk\/data\/entities\/EventLocationEntity.swift",
      "kind": "StringLiteral",
      "offset": 263,
      "length": 9,
      "value": "\"eventId\""
    },
    {
      "filePath": "\/Users\/cst-00104\/Personal\/projects\/biq\/ios\/biq-sdk-ios\/biqSdk\/data\/entities\/EventLocationEntity.swift",
      "kind": "StringLiteral",
      "offset": 315,
      "length": 6,
      "value": "\"name\""
    },
    {
      "filePath": "\/Users\/cst-00104\/Personal\/projects\/biq\/ios\/biq-sdk-ios\/biqSdk\/data\/entities\/EventLocationEntity.swift",
      "kind": "StringLiteral",
      "offset": 367,
      "length": 9,
      "value": "\"address\""
    },
    {
      "filePath": "\/Users\/cst-00104\/Personal\/projects\/biq\/ios\/biq-sdk-ios\/biqSdk\/data\/entities\/EventLocationEntity.swift",
      "kind": "StringLiteral",
      "offset": 422,
      "length": 9,
      "value": "\"mapLink\""
    },
    {
      "filePath": "\/Users\/cst-00104\/Personal\/projects\/biq\/ios\/biq-sdk-ios\/biqSdk\/data\/entities\/EventLocationEntity.swift",
      "kind": "StringLiteral",
      "offset": 478,
      "length": 9,
      "value": "\"beacons\""
    },
    {
      "filePath": "\/Users\/cst-00104\/Personal\/projects\/biq\/ios\/biq-sdk-ios\/biqSdk\/data\/entities\/EventLocationEntity.swift",
      "kind": "StringLiteral",
      "offset": 541,
      "length": 18,
      "value": "\"allowUserBeacons\""
    },
    {
      "filePath": "\/Users\/cst-00104\/Personal\/projects\/biq\/ios\/biq-sdk-ios\/biqSdk\/data\/entities\/EventLocationEntity.swift",
      "kind": "StringLiteral",
      "offset": 602,
      "length": 5,
      "value": "\"lat\""
    },
    {
      "filePath": "\/Users\/cst-00104\/Personal\/projects\/biq\/ios\/biq-sdk-ios\/biqSdk\/data\/entities\/EventLocationEntity.swift",
      "kind": "StringLiteral",
      "offset": 650,
      "length": 5,
      "value": "\"lng\""
    },
    {
      "filePath": "\/Users\/cst-00104\/Personal\/projects\/biq\/ios\/biq-sdk-ios\/biqSdk\/data\/entities\/EventLocationEntity.swift",
      "kind": "StringLiteral",
      "offset": 701,
      "length": 8,
      "value": "\"radius\""
    },
    {
      "filePath": "\/Users\/cst-00104\/Personal\/projects\/biq\/ios\/biq-sdk-ios\/biqSdk\/network\/interceptors\/TokenInterceptor.swift",
      "kind": "StringLiteral",
      "offset": 273,
      "length": 15,
      "value": "\"Authorization\""
    },
    {
      "filePath": "\/Users\/cst-00104\/Personal\/projects\/biq\/ios\/biq-sdk-ios\/biqSdk\/network\/interceptors\/TokenInterceptor.swift",
      "kind": "StringLiteral",
      "offset": 314,
      "length": 8,
      "value": "\"Bearer\""
    },
    {
      "filePath": "\/Users\/cst-00104\/Personal\/projects\/biq\/ios\/biq-sdk-ios\/biqSdk\/network\/interceptors\/TokenInterceptor.swift",
      "kind": "IntegerLiteral",
      "offset": 365,
      "length": 1,
      "value": "2"
    },
    {
      "filePath": "\/Users\/cst-00104\/Personal\/projects\/biq\/ios\/biq-sdk-ios\/biqSdk\/models\/BiqPresenceState.swift",
      "kind": "IntegerLiteral",
      "offset": 135,
      "length": 1,
      "value": "0"
    },
    {
      "filePath": "\/Users\/cst-00104\/Personal\/projects\/biq\/ios\/biq-sdk-ios\/biqSdk\/models\/BiqPresenceState.swift",
      "kind": "IntegerLiteral",
      "offset": 167,
      "length": 1,
      "value": "1"
    },
    {
      "filePath": "\/Users\/cst-00104\/Personal\/projects\/biq\/ios\/biq-sdk-ios\/biqSdk\/models\/BiqPresenceState.swift",
      "kind": "IntegerLiteral",
      "offset": 199,
      "length": 1,
      "value": "2"
    },
    {
      "filePath": "\/Users\/cst-00104\/Personal\/projects\/biq\/ios\/biq-sdk-ios\/biqSdk\/models\/BiqPresenceState.swift",
      "kind": "IntegerLiteral",
      "offset": 230,
      "length": 1,
      "value": "3"
    },
    {
      "filePath": "\/Users\/cst-00104\/Personal\/projects\/biq\/ios\/biq-sdk-ios\/biqSdk\/models\/BiqPresenceState.swift",
      "kind": "IntegerLiteral",
      "offset": 264,
      "length": 1,
      "value": "4"
    },
    {
      "filePath": "\/Users\/cst-00104\/Personal\/projects\/biq\/ios\/biq-sdk-ios\/biqSdk\/models\/BiqPresenceState.swift",
      "kind": "IntegerLiteral",
      "offset": 293,
      "length": 1,
      "value": "5"
    },
    {
      "filePath": "\/Users\/cst-00104\/Personal\/projects\/biq\/ios\/biq-sdk-ios\/biqSdk\/models\/BiqPresenceState.swift",
      "kind": "IntegerLiteral",
      "offset": 319,
      "length": 1,
      "value": "6"
    },
    {
      "filePath": "\/Users\/cst-00104\/Personal\/projects\/biq\/ios\/biq-sdk-ios\/biqSdk\/managers\/bluetooth\/BLEScannerManager.swift",
      "kind": "Dictionary",
      "offset": 355,
      "length": 3,
      "value": "[]"
    },
    {
      "filePath": "\/Users\/cst-00104\/Personal\/projects\/biq\/ios\/biq-sdk-ios\/biqSdk\/network\/interceptors\/TokenRefresher.swift",
      "kind": "IntegerLiteral",
      "offset": 315,
      "length": 1,
      "value": "3"
    }
  ]
}